Product ID,Name,Category,Price,Demand,Predicted_Demand,Adjusted_Price
1,Skipping Rope,Fitness,254.76,1000,726.54095,280.236
2,Exercise Bike,Fitness,1095.3,500,375.8385,1204.8300000000002
3,Wallet,Accessories,341.42,100,579.8056,375.56200000000007
4,Shampoo,Personal Care,1067.4,1000,602.485,1174.14
5,Air Conditioner,Home Appliances,835.56,100,458.9367,919.116
6,Watch,Fashion,221.24,500,342.69714,199.116
7,Bed,Furniture,567.65,100,503.59744,624.4150000000001
8,Smartwatch,Electronics,420.5,100,511.94324,462.55
9,Headphones,Electronics,550.55,500,575.5334,605.605
10,Handbag,Fashion,1349.51,1000,485.699,1484.461
11,Dining Table,Furniture,211.04,100,702.09784,232.144
12,Sunglasses,Fashion,135.09,1000,620.25134,148.59900000000002
13,Exercise Bike,Fitness,1986.7,500,586.3904,2185.3700000000003
14,Skipping Rope,Fitness,1828.03,500,345.88306,1645.227
15,Smartphone,Electronics,528.54,100,598.3785,581.394
16,Sofa,Furniture,1486.85,500,513.3088,1635.535
17,Tablet,Electronics,1924.41,500,586.4765,2116.851
18,Dining Table,Furniture,475.14,500,609.41156,522.654
19,Vacuum Cleaner,Home Appliances,601.57,100,503.59744,661.7270000000001
20,Jeans,Fashion,1700.17,1000,595.4342,1870.1870000000001
21,Dumbbells,Fitness,1982.5,100,227.56755,1784.25
22,Jeans,Fashion,1229.54,1000,514.7031,1352.4940000000001
23,Yoga Mat,Fitness,749.4,100,563.1645,824.34
24,Smartphone,Electronics,111.28,500,515.5189,122.40800000000002
25,Tablet,Electronics,1527.6,1000,631.8787,1680.3600000000001
26,Sneakers,Fashion,1439.05,100,486.59204,1582.9550000000002
27,Handbag,Fashion,1957.68,500,592.2794,2153.4480000000003
28,Sunglasses,Fashion,1203.89,100,514.7031,1324.2790000000002
29,Bed,Furniture,1256.92,1000,514.7031,1382.612
30,Bed,Furniture,1364.49,500,485.699,1500.939
31,Body Lotion,Personal Care,127.19,500,592.41705,139.90900000000002
32,Hair Dryer,Personal Care,1448.69,500,530.77954,1593.5590000000002
33,Bed,Furniture,1546.21,100,446.46487,1700.8310000000001
34,Backpack,Accessories,1709.35,100,410.7221,1880.285
35,Wallet,Accessories,326.56,100,510.4607,359.216
36,Wallet,Accessories,437.41,100,511.94324,481.15100000000007
37,Bed,Furniture,1085.89,100,304.15515,977.3010000000002
38,Dumbbells,Fitness,479.15,100,516.29785,527.065
39,Skipping Rope,Fitness,925.68,1000,518.8923,1018.248
40,Sunglasses,Fashion,1829.51,500,345.88306,1646.559
41,Body Lotion,Personal Care,960.13,500,518.8923,1056.143
42,Wallet,Accessories,1706.0,1000,595.4342,1876.6000000000001
43,Power Bank,Accessories,462.66,1000,537.717,508.92600000000004
44,Power Bank,Accessories,1129.2,1000,473.205,1242.1200000000001
45,Dining Table,Furniture,1248.7,1000,514.7031,1373.5700000000002
46,Shampoo,Personal Care,403.65,100,562.2391,444.015
47,Headphones,Electronics,151.09,100,453.90335,166.199
48,Tablet,Electronics,273.32,1000,717.1626,300.65200000000004
49,Sunglasses,Fashion,611.58,1000,532.6075,672.738
50,Wallet,Accessories,794.4,500,433.7131,873.84
51,Perfume,Personal Care,1136.93,1000,473.205,1250.6230000000003
52,Power Bank,Accessories,1755.88,100,504.87958,1931.4680000000003
53,Yoga Mat,Fitness,965.69,1000,518.8923,1062.2590000000002
54,Sofa,Furniture,476.61,1000,516.29785,524.2710000000001
55,Desk Lamp,Furniture,785.93,1000,563.1645,864.523
56,Air Conditioner,Home Appliances,188.19,100,543.91656,207.00900000000001
57,Yoga Mat,Fitness,1640.22,1000,676.03625,1804.2420000000002
58,Laptop Stand,Accessories,444.62,500,511.94324,489.08200000000005
59,Body Lotion,Personal Care,1402.72,100,344.2803,1262.448
60,Skipping Rope,Fitness,413.04,100,483.83807,454.34400000000005
61,Smartphone,Electronics,559.99,100,575.5334,615.989
62,Bed,Furniture,763.76,1000,563.1645,840.1360000000001
63,Chair,Furniture,1400.62,100,333.79794,1260.558
64,Power Bank,Accessories,1497.88,500,513.3088,1647.6680000000003
65,Dumbbells,Fitness,1218.87,100,514.7031,1340.757
66,Exercise Bike,Fitness,894.08,500,455.8058,983.4880000000002
67,Chair,Furniture,16.28,1000,562.6165,17.908
68,Sofa,Furniture,1550.29,500,418.12354,1705.3190000000002
69,Toothbrush,Personal Care,1207.3,500,514.7031,1328.03
70,Exercise Bike,Fitness,1197.43,100,514.7031,1317.1730000000002
71,Bed,Furniture,647.84,100,574.34863,712.6240000000001
72,Handbag,Fashion,976.05,100,518.8923,1073.655
73,Microwave,Home Appliances,1898.65,100,597.09424,2088.5150000000003
74,Desk Lamp,Furniture,1288.12,100,396.92493,1416.932
75,Dumbbells,Fitness,1414.84,500,344.2803,1273.356
76,Hair Dryer,Personal Care,1608.45,100,392.97992,1769.2950000000003
77,Shampoo,Personal Care,1322.3,1000,655.9877,1454.53
78,Vacuum Cleaner,Home Appliances,1825.8,100,331.18542,1643.22
79,T-Shirt,Fashion,641.3,100,574.34863,705.4300000000001
80,Sunglasses,Fashion,804.71,500,433.7131,885.1810000000002
81,Sofa,Furniture,111.75,500,534.71704,122.92500000000001
82,Blender,Home Appliances,277.31,500,630.2418,305.04100000000005
83,Blender,Home Appliances,803.0,500,433.7131,883.3000000000001
84,Coffee Maker,Home Appliances,1573.69,100,434.20615,1731.0590000000002
85,Backpack,Accessories,1322.85,100,655.9877,1455.135
86,Belt,Accessories,339.13,100,510.4607,373.043
87,Sofa,Furniture,1160.95,1000,514.7031,1277.045
88,Backpack,Accessories,1506.39,100,513.3088,1657.0290000000002
89,Hair Dryer,Personal Care,1967.97,500,592.2794,2164.7670000000003
90,Dining Table,Furniture,85.9,1000,666.62555,94.49000000000001
91,Sofa,Furniture,969.48,100,518.8923,1066.428
92,Bed,Furniture,1918.19,500,586.4765,2110.009
93,Jacket,Fashion,1770.14,1000,569.9878,1947.1540000000002
94,Desk Lamp,Furniture,104.21,100,515.5189,114.631
95,Bed,Furniture,254.06,500,726.54095,279.466
96,Skipping Rope,Fitness,684.07,100,474.67145,752.4770000000001
97,Laptop,Electronics,571.08,1000,503.59744,628.1880000000001
98,Power Bank,Accessories,291.19,500,550.88324,320.309
99,Sofa,Furniture,52.56,1000,566.40497,57.81600000000001
100,Dining Table,Furniture,613.06,100,532.6075,674.366
101,Gaming Console,Electronics,885.95,500,455.8058,974.5450000000001
102,Microwave,Home Appliances,717.82,100,561.6725,789.6020000000001
103,T-Shirt,Fashion,1110.1,100,375.8385,1221.11
104,Sneakers,Fashion,224.12,500,419.0521,246.53200000000004
105,Backpack,Accessories,1626.13,500,493.35068,1788.7430000000002
106,Coffee Maker,Home Appliances,30.89,1000,639.7028,33.979000000000006
107,T-Shirt,Fashion,615.63,100,532.6075,677.1930000000001
108,Desk Lamp,Furniture,72.39,500,537.60077,79.629
109,Wallet,Accessories,1044.24,500,411.43494,1148.6640000000002
110,Dumbbells,Fitness,1582.64,1000,522.6808,1740.9040000000002
111,Air Conditioner,Home Appliances,1919.2,500,586.4765,2111.1200000000003
112,Desk Lamp,Furniture,116.53,500,592.41705,128.18300000000002
113,Chair,Furniture,1345.4,1000,581.5477,1479.9400000000003
114,Wallet,Accessories,325.39,1000,510.4607,357.92900000000003
115,Chair,Furniture,87.9,1000,666.62555,96.69000000000001
116,Belt,Accessories,357.82,500,562.2391,393.60200000000003
117,Dining Table,Furniture,12.8,100,562.6165,14.080000000000002
118,Yoga Mat,Fitness,487.33,100,516.29785,536.063
119,Skipping Rope,Fitness,1238.28,100,514.7031,1362.1080000000002
120,Backpack,Accessories,530.89,500,598.3785,583.979
121,Dining Table,Furniture,1237.5,100,514.7031,1361.25
122,Camera,Electronics,1694.02,1000,595.4342,1863.422
123,Smartwatch,Electronics,800.96,100,433.7131,881.0560000000002
124,Skipping Rope,Fitness,80.22,500,537.60077,88.242
125,Backpack,Accessories,527.63,100,598.3785,580.393
126,Power Bank,Accessories,1475.84,100,453.55698,1623.424
127,Desk Lamp,Furniture,1797.14,100,503.5877,1976.8540000000003
128,Body Lotion,Personal Care,1879.3,1000,597.09424,2067.23
129,Desk Lamp,Furniture,23.93,1000,558.463,26.323
130,Microwave,Home Appliances,1923.01,100,586.4765,2115.311
131,Laptop,Electronics,208.68,1000,702.09784,229.54800000000003
132,Wallet,Accessories,1669.44,500,506.38788,1836.3840000000002
133,Vacuum Cleaner,Home Appliances,861.82,1000,521.42676,948.0020000000002
134,Yoga Mat,Fitness,1660.64,100,461.37106,1826.7040000000002
135,Smartwatch,Electronics,1032.52,100,411.43494,1135.7720000000002
136,Bed,Furniture,727.15,100,561.6725,799.865
137,Bed,Furniture,617.24,100,532.6075,678.964
138,Smartphone,Electronics,700.08,500,474.67145,770.0880000000001
139,Watch,Fashion,1021.21,100,411.43494,1123.3310000000001
140,Vacuum Cleaner,Home Appliances,35.48,500,639.7028,39.028
141,Perfume,Personal Care,1061.08,1000,602.485,1167.188
142,Yoga Mat,Fitness,573.37,500,503.59744,630.7070000000001
143,Backpack,Accessories,1261.2,100,514.7031,1387.3200000000002
144,T-Shirt,Fashion,1332.96,500,617.4184,1466.256
145,Watch,Fashion,580.82,500,503.59744,638.9020000000002
146,Wallet,Accessories,301.82,100,520.81195,332.002
147,Bed,Furniture,1430.7,100,389.53806,1573.7700000000002
148,Power Bank,Accessories,408.83,500,483.83807,449.713
149,Hair Dryer,Personal Care,1724.56,1000,517.80835,1897.016
150,Sneakers,Fashion,745.77,100,568.4586,820.3470000000001
151,Handbag,Fashion,1109.96,100,375.8385,1220.9560000000001
152,Blender,Home Appliances,248.79,500,726.54095,273.66900000000004
153,Treadmill,Fitness,131.08,1000,592.41705,144.18800000000002
154,Belt,Accessories,513.97,500,516.29785,565.3670000000001
155,Toothbrush,Personal Care,1097.78,100,375.8385,1207.558
156,Desk Lamp,Furniture,263.88,500,717.1626,290.26800000000003
157,Power Bank,Accessories,18.16,100,558.463,19.976000000000003
158,Dumbbells,Fitness,147.77,100,620.25134,162.54700000000003
159,Blender,Home Appliances,1690.24,1000,595.4342,1859.2640000000001
160,Wallet,Accessories,1915.3,1000,586.4765,2106.83
161,Smartphone,Electronics,378.21,100,562.2391,416.031
162,Jeans,Fashion,173.93,1000,543.91656,191.32300000000004
163,Handbag,Fashion,767.82,500,563.1645,844.6020000000001
164,Smartphone,Electronics,449.62,100,511.94324,494.58200000000005
165,Body Lotion,Personal Care,781.32,1000,563.1645,859.4520000000001
166,Microwave,Home Appliances,894.2,500,455.8058,983.6200000000001
167,Smartwatch,Electronics,1979.61,100,227.56755,1781.649
168,Toothbrush,Personal Care,1453.36,1000,520.2904,1598.696
169,Blender,Home Appliances,551.48,100,575.5334,606.628
170,Bed,Furniture,964.22,1000,518.8923,1060.642
171,Jacket,Fashion,1850.3,1000,733.6207,2035.3300000000002
172,Jeans,Fashion,811.19,100,520.6133,892.3090000000001
173,Air Conditioner,Home Appliances,412.41,100,483.83807,453.65100000000007
174,Dining Table,Furniture,752.27,1000,563.1645,827.4970000000001
175,Treadmill,Fitness,719.76,500,561.6725,791.7360000000001
176,Dining Table,Furniture,1780.09,100,488.1807,1958.0990000000002
177,Hair Dryer,Personal Care,783.49,1000,563.1645,861.839
178,Bed,Furniture,1217.41,1000,514.7031,1339.1510000000003
179,Perfume,Personal Care,70.62,100,537.60077,77.68200000000002
180,Smartphone,Electronics,607.66,100,532.6075,668.426
181,Bed,Furniture,1515.06,1000,513.3088,1666.566
182,Smartwatch,Electronics,546.18,100,575.5334,600.798
183,Perfume,Personal Care,437.19,100,511.94324,480.90900000000005
184,Backpack,Accessories,1532.35,500,631.8787,1685.585
185,Exercise Bike,Fitness,421.19,500,511.94324,463.309
186,Bed,Furniture,1774.22,500,569.9878,1951.6420000000003
187,Jacket,Fashion,1485.52,500,453.55698,1634.0720000000001
188,Air Conditioner,Home Appliances,1686.24,500,595.4342,1854.8640000000003
189,Blender,Home Appliances,46.24,100,498.8705,50.864000000000004
190,Microwave,Home Appliances,1758.38,500,504.87958,1934.2180000000003
191,Body Lotion,Personal Care,1287.12,100,396.92493,1415.832
192,Air Conditioner,Home Appliances,1467.21,500,525.8067,1613.9310000000003
193,Dining Table,Furniture,1570.71,100,434.20615,1727.7810000000002
194,Exercise Bike,Fitness,1085.51,100,284.90515,976.9590000000001
195,Belt,Accessories,1615.87,100,493.35068,1777.457
196,Treadmill,Fitness,26.22,1000,558.463,28.842000000000002
197,Shampoo,Personal Care,349.92,1000,579.8056,384.91200000000003
198,Laptop,Electronics,1550.91,100,418.12354,1706.0010000000002
199,Power Bank,Accessories,693.92,100,474.67145,763.312
200,Wallet,Accessories,544.42,100,575.5334,598.862
201,Tablet,Electronics,1408.8,100,344.2803,1267.92
202,Toothbrush,Personal Care,1001.86,500,505.23334,1102.046
203,Perfume,Personal Care,1241.32,100,514.7031,1365.452
204,Gaming Console,Electronics,221.29,500,419.0521,243.419
205,Air Conditioner,Home Appliances,856.04,500,458.9367,941.644
206,Sofa,Furniture,625.69,1000,593.07104,688.2590000000001
207,Gaming Console,Electronics,1045.83,500,411.43494,1150.413
208,Backpack,Accessories,474.44,1000,609.41156,521.884
209,Handbag,Fashion,197.5,500,620.944,217.25000000000003
210,Coffee Maker,Home Appliances,749.28,100,568.4586,824.2080000000001
211,Shampoo,Personal Care,575.0,1000,503.59744,632.5
212,Perfume,Personal Care,115.78,1000,592.41705,127.35800000000002
213,Yoga Mat,Fitness,1185.65,500,514.7031,1304.2150000000001
214,Handbag,Fashion,138.33,100,620.25134,152.16300000000004
215,Perfume,Personal Care,1656.78,1000,461.37106,1822.458
216,Exercise Bike,Fitness,468.1,500,537.717,514.9100000000001
217,Backpack,Accessories,1282.95,100,396.92493,1411.2450000000001
218,Vacuum Cleaner,Home Appliances,1536.19,500,631.8787,1689.8090000000002
219,Power Bank,Accessories,853.15,1000,458.9367,938.465
220,Dumbbells,Fitness,516.02,100,437.53452,567.6220000000001
221,Toothbrush,Personal Care,1285.09,100,396.92493,1413.599
222,Treadmill,Fitness,1402.29,1000,333.79794,1262.061
223,Shampoo,Personal Care,577.3,500,503.59744,635.03
224,Sneakers,Fashion,276.2,500,630.2418,303.82
225,Blender,Home Appliances,1948.8,500,583.42377,2143.6800000000003
226,Headphones,Electronics,1451.7,1000,530.77954,1596.8700000000001
227,Exercise Bike,Fitness,1469.94,500,453.55698,1616.9340000000002
228,Blender,Home Appliances,1776.78,1000,569.9878,1954.458
229,Smartwatch,Electronics,1889.77,1000,597.09424,2078.7470000000003
230,Exercise Bike,Fitness,89.68,500,666.62555,98.64800000000001
231,Vacuum Cleaner,Home Appliances,390.65,500,562.2391,429.71500000000003
232,Vacuum Cleaner,Home Appliances,276.38,1000,630.2418,304.01800000000003
233,Sofa,Furniture,279.85,100,242.17064,251.86500000000004
234,Microwave,Home Appliances,861.52,1000,521.42676,947.672
235,Power Bank,Accessories,845.38,500,458.9367,929.9180000000001
236,Wallet,Accessories,1934.76,100,622.16144,2128.2360000000003
237,Smartphone,Electronics,1090.66,500,429.42017,1199.726
238,Treadmill,Fitness,1014.18,1000,471.6402,1115.598
239,Laptop Stand,Accessories,1399.01,100,333.79794,1259.109
240,Perfume,Personal Care,1663.65,500,461.37106,1830.0150000000003
241,Bed,Furniture,1340.07,500,581.5477,1474.077
242,Toothbrush,Personal Care,652.91,500,542.9368,718.201
243,Gaming Console,Electronics,316.8,100,510.4607,348.48
244,Tablet,Electronics,699.4,100,474.67145,769.34
245,Chair,Furniture,839.07,1000,458.9367,922.9770000000001
246,Chair,Furniture,652.16,100,542.9368,717.376
247,Vacuum Cleaner,Home Appliances,1762.21,100,504.87958,1938.4310000000003
248,Watch,Fashion,1487.72,100,513.3088,1636.4920000000002
249,Camera,Electronics,778.36,100,563.1645,856.1960000000001
250,Toothbrush,Personal Care,1531.47,1000,631.8787,1684.6170000000002
251,Body Lotion,Personal Care,349.96,1000,579.8056,384.956
252,Dining Table,Furniture,1029.24,1000,411.43494,1132.1640000000002
253,Treadmill,Fitness,871.4,500,521.42676,958.5400000000001
254,Headphones,Electronics,1547.69,100,418.12354,1702.4590000000003
255,Sneakers,Fashion,665.42,100,542.9368,731.962
256,Headphones,Electronics,854.37,100,458.9367,939.8070000000001
257,Body Lotion,Personal Care,609.86,100,532.6075,670.8460000000001
258,Hair Dryer,Personal Care,1088.15,500,304.15515,979.3350000000002
259,Treadmill,Fitness,1782.5,100,488.1807,1960.7500000000002
260,Jacket,Fashion,240.22,1000,419.0521,264.242
261,Chair,Furniture,583.3,500,503.59744,641.63
262,T-Shirt,Fashion,966.3,1000,518.8923,1062.93
263,Headphones,Electronics,11.34,1000,562.6165,12.474
264,Chair,Furniture,739.31,1000,568.4586,813.241
265,Skipping Rope,Fitness,1332.34,500,617.4184,1465.574
266,Dumbbells,Fitness,1792.8,500,503.5877,1972.0800000000002
267,Blender,Home Appliances,1493.97,1000,513.3088,1643.3670000000002
268,Microwave,Home Appliances,947.42,500,518.8923,1042.162
269,Watch,Fashion,622.14,100,593.07104,684.354
270,Skipping Rope,Fitness,1354.1,100,485.699,1489.51
271,Vacuum Cleaner,Home Appliances,547.58,1000,575.5334,602.3380000000001
272,Watch,Fashion,521.05,100,598.3785,573.155
273,T-Shirt,Fashion,1556.2,500,418.12354,1711.8200000000002
274,Perfume,Personal Care,1121.46,100,317.53836,1009.3140000000001
275,T-Shirt,Fashion,454.34,1000,511.94324,499.774
276,Dumbbells,Fitness,701.11,500,474.67145,771.2210000000001
277,Headphones,Electronics,1643.71,1000,478.5958,1808.0810000000001
278,T-Shirt,Fashion,529.26,100,598.3785,582.186
279,Camera,Electronics,1627.99,1000,552.2819,1790.7890000000002
280,Belt,Accessories,283.62,100,242.17064,255.258
281,Smartphone,Electronics,1028.58,1000,411.43494,1131.438
282,Coffee Maker,Home Appliances,274.25,1000,717.1626,301.675
283,Yoga Mat,Fitness,825.94,100,500.2537,908.5340000000001
284,Power Bank,Accessories,1334.06,500,617.4184,1467.4660000000001
285,Perfume,Personal Care,429.32,100,511.94324,472.252
286,Smartphone,Electronics,1297.39,1000,748.7156,1427.1290000000001
287,Yoga Mat,Fitness,1732.16,500,504.87958,1905.3760000000002
288,Body Lotion,Personal Care,1639.06,1000,552.2819,1802.9660000000001
289,Treadmill,Fitness,1585.39,500,522.6808,1743.9290000000003
290,Hair Dryer,Personal Care,1703.61,500,595.4342,1873.971
291,T-Shirt,Fashion,162.11,100,373.90674,178.32100000000003
292,Vacuum Cleaner,Home Appliances,1788.22,500,488.1807,1967.0420000000001
293,Yoga Mat,Fitness,1655.51,500,461.37106,1821.0610000000001
294,Blender,Home Appliances,1529.12,1000,631.8787,1682.032
295,Jacket,Fashion,1785.04,1000,488.1807,1963.544
296,Perfume,Personal Care,811.64,1000,520.6133,892.8040000000001
297,Backpack,Accessories,1739.06,500,504.87958,1912.9660000000001
298,Blender,Home Appliances,1671.27,500,506.38788,1838.3970000000002
299,Sunglasses,Fashion,1438.68,500,486.59204,1582.5480000000002
300,Headphones,Electronics,371.67,1000,562.2391,408.83700000000005
301,Desk Lamp,Furniture,1826.07,100,331.18542,1643.463
302,Desk Lamp,Furniture,460.18,100,497.2498,506.19800000000004
303,Yoga Mat,Fitness,1234.25,500,514.7031,1357.6750000000002
304,Jacket,Fashion,1184.06,500,514.7031,1302.4660000000001
305,Desk Lamp,Furniture,897.28,100,455.8058,987.008
306,Coffee Maker,Home Appliances,814.33,1000,520.6133,895.7630000000001
307,Yoga Mat,Fitness,104.32,500,515.5189,114.752
308,Backpack,Accessories,1283.88,1000,396.92493,1412.2680000000003
309,Belt,Accessories,790.71,1000,563.1645,869.7810000000001
310,Treadmill,Fitness,771.23,100,563.1645,848.3530000000001
311,Jeans,Fashion,1970.3,1000,592.2794,2167.33
312,Sofa,Furniture,1750.48,500,504.87958,1925.5280000000002
313,Sunglasses,Fashion,550.97,100,575.5334,606.0670000000001
314,Exercise Bike,Fitness,1846.77,1000,733.6207,2031.4470000000001
315,Laptop,Electronics,1261.77,100,511.9722,1387.9470000000001
316,Coffee Maker,Home Appliances,514.61,100,437.53452,566.071
317,Laptop Stand,Accessories,1830.12,500,345.88306,1647.108
318,Yoga Mat,Fitness,122.17,100,592.41705,134.387
319,Coffee Maker,Home Appliances,1858.41,100,413.55087,2044.2510000000002
320,Smartwatch,Electronics,49.04,100,498.8705,53.944
321,Jacket,Fashion,1361.53,500,485.699,1497.683
322,Perfume,Personal Care,1664.13,1000,461.37106,1830.5430000000003
323,Body Lotion,Personal Care,115.22,100,592.41705,126.742
324,Dumbbells,Fitness,1427.33,500,389.53806,1570.063
325,Skipping Rope,Fitness,1310.13,1000,748.7156,1441.1430000000003
326,Belt,Accessories,1793.14,1000,503.5877,1972.4540000000002
327,Wallet,Accessories,550.69,1000,575.5334,605.7590000000001
328,Camera,Electronics,462.33,1000,497.2498,508.56300000000005
329,Dining Table,Furniture,1140.09,1000,473.205,1254.099
330,Toothbrush,Personal Care,1966.15,1000,592.2794,2162.7650000000003
331,Dumbbells,Fitness,1969.23,1000,592.2794,2166.1530000000002
332,Microwave,Home Appliances,455.55,1000,511.94324,501.1050000000001
333,Sneakers,Fashion,428.49,1000,511.94324,471.33900000000006
334,Camera,Electronics,1588.65,1000,744.13916,1747.5150000000003
335,Dining Table,Furniture,1143.22,1000,514.7031,1257.5420000000001
336,Coffee Maker,Home Appliances,1240.65,500,514.7031,1364.7150000000001
337,Microwave,Home Appliances,1227.94,100,514.7031,1350.7340000000002
338,Wallet,Accessories,235.19,100,419.0521,258.709
339,Watch,Fashion,1667.29,100,461.37106,1834.019
340,Tablet,Electronics,1230.12,1000,514.7031,1353.132
341,Perfume,Personal Care,25.48,100,558.463,28.028000000000002
342,Sunglasses,Fashion,439.67,100,511.94324,483.63700000000006
343,Vacuum Cleaner,Home Appliances,50.67,500,498.8705,55.73700000000001
344,Exercise Bike,Fitness,1092.71,500,375.8385,1201.9810000000002
345,Microwave,Home Appliances,850.83,100,458.9367,935.9130000000001
346,Coffee Maker,Home Appliances,242.86,1000,726.54095,267.146
347,Chair,Furniture,1818.05,500,378.12842,1999.855
348,Hair Dryer,Personal Care,555.67,500,575.5334,611.237
349,Vacuum Cleaner,Home Appliances,1262.54,100,511.9722,1388.794
350,Skipping Rope,Fitness,1261.09,500,514.7031,1387.199
351,Power Bank,Accessories,818.66,500,500.2537,900.5260000000001
352,Microwave,Home Appliances,934.27,100,518.8923,1027.6970000000001
353,Vacuum Cleaner,Home Appliances,591.87,1000,503.59744,651.057
354,Belt,Accessories,101.08,100,515.5189,111.188
355,Dining Table,Furniture,1600.8,1000,744.13916,1760.88
356,Shampoo,Personal Care,904.95,500,575.1018,995.4450000000002
357,Perfume,Personal Care,1441.86,100,440.46,1586.046
358,Dumbbells,Fitness,1949.91,500,583.42377,2144.9010000000003
359,Blender,Home Appliances,641.96,1000,574.34863,706.1560000000001
360,Dining Table,Furniture,334.8,1000,510.4607,368.28000000000003
361,Yoga Mat,Fitness,1088.91,500,429.42017,1197.8010000000002
362,Gaming Console,Electronics,728.09,1000,561.6725,800.8990000000001
363,Air Conditioner,Home Appliances,433.78,1000,511.94324,477.158
364,Sofa,Furniture,1439.91,500,486.59204,1583.9010000000003
365,Skipping Rope,Fitness,915.2,100,518.8923,1006.7200000000001
366,Vacuum Cleaner,Home Appliances,1745.12,500,504.87958,1919.632
367,Shampoo,Personal Care,948.42,500,518.8923,1043.262
368,Sofa,Furniture,1564.17,100,427.9287,1720.5870000000002
369,Skipping Rope,Fitness,491.8,100,516.29785,540.98
370,Wallet,Accessories,1714.57,100,410.7221,1886.027
371,Smartphone,Electronics,260.27,1000,726.54095,286.297
372,Dining Table,Furniture,1209.89,500,514.7031,1330.8790000000001
373,Backpack,Accessories,313.43,100,510.4607,344.773
374,Camera,Electronics,1350.33,100,485.699,1485.363
375,Microwave,Home Appliances,1485.59,500,453.55698,1634.1490000000001
376,Smartwatch,Electronics,1718.76,1000,563.3787,1890.6360000000002
377,Handbag,Fashion,1451.47,500,530.77954,1596.6170000000002
378,Power Bank,Accessories,35.73,500,639.7028,39.303
379,Watch,Fashion,858.73,100,458.9367,944.6030000000001
380,Smartphone,Electronics,1441.73,100,440.46,1585.9030000000002
381,Smartwatch,Electronics,559.28,1000,575.5334,615.208
382,Bed,Furniture,972.8,100,518.8923,1070.08
383,Coffee Maker,Home Appliances,1498.89,1000,513.3088,1648.7790000000002
384,Perfume,Personal Care,1416.76,100,389.53806,1558.4360000000001
385,Yoga Mat,Fitness,90.29,1000,546.9822,99.31900000000002
386,Sneakers,Fashion,679.13,100,474.67145,747.043
387,Belt,Accessories,1122.54,100,317.53836,1010.286
388,Shampoo,Personal Care,683.74,100,474.67145,752.114
389,Sneakers,Fashion,1609.61,500,392.97992,1770.5710000000001
390,Blender,Home Appliances,1678.86,500,506.38788,1846.746
391,Dumbbells,Fitness,754.24,1000,563.1645,829.6640000000001
392,Perfume,Personal Care,22.03,500,558.463,24.233000000000004
393,Watch,Fashion,636.45,1000,593.07104,700.0950000000001
394,Perfume,Personal Care,1280.16,500,511.9722,1408.1760000000002
395,Laptop Stand,Accessories,32.07,1000,639.7028,35.277
396,Shampoo,Personal Care,111.59,500,534.71704,122.74900000000001
397,Desk Lamp,Furniture,1273.31,100,511.9722,1400.641
398,T-Shirt,Fashion,873.09,500,521.42676,960.3990000000001
399,Backpack,Accessories,1222.22,500,514.7031,1344.4420000000002
400,Jeans,Fashion,1938.27,500,583.42377,2132.097
401,Smartwatch,Electronics,809.18,500,520.6133,890.0980000000001
402,Perfume,Personal Care,476.34,1000,609.41156,523.974
403,Sunglasses,Fashion,215.54,100,342.69714,193.986
404,Coffee Maker,Home Appliances,940.34,1000,518.8923,1034.374
405,Skipping Rope,Fitness,93.98,500,546.9822,103.37800000000001
406,Sofa,Furniture,807.21,100,394.64786,887.9310000000002
407,Power Bank,Accessories,67.68,100,566.40497,74.44800000000001
408,Treadmill,Fitness,1020.12,500,411.43494,1122.132
409,Belt,Accessories,187.69,500,543.91656,206.459
410,Chair,Furniture,1508.94,500,513.3088,1659.8340000000003
411,Bed,Furniture,1946.29,500,583.42377,2140.9190000000003
412,Hair Dryer,Personal Care,1155.05,1000,514.7031,1270.555
413,Bed,Furniture,81.88,500,537.60077,90.068
414,Coffee Maker,Home Appliances,1201.72,1000,514.7031,1321.892
415,Blender,Home Appliances,203.22,1000,702.09784,223.54200000000003
416,Vacuum Cleaner,Home Appliances,1090.14,100,429.42017,1199.1540000000002
417,Treadmill,Fitness,1062.78,500,602.485,1169.058
418,Perfume,Personal Care,844.48,100,458.9367,928.9280000000001
419,Handbag,Fashion,160.38,100,373.90674,176.418
420,Backpack,Accessories,1127.84,500,473.205,1240.624
421,Dining Table,Furniture,1765.5,100,474.01993,1942.0500000000002
422,Tablet,Electronics,613.95,1000,532.6075,675.3450000000001
423,Vacuum Cleaner,Home Appliances,1852.76,500,413.55087,2038.036
424,Belt,Accessories,1697.72,500,595.4342,1867.4920000000002
425,Hair Dryer,Personal Care,1901.92,1000,597.09424,2092.112
426,Sunglasses,Fashion,1239.38,1000,514.7031,1363.3180000000002
427,Sofa,Furniture,260.47,500,717.1626,286.51700000000005
428,Gaming Console,Electronics,53.69,500,566.40497,59.059000000000005
429,Perfume,Personal Care,904.83,500,575.1018,995.3130000000001
430,Wallet,Accessories,1711.48,100,410.7221,1882.6280000000002
431,Hair Dryer,Personal Care,402.12,1000,562.2391,442.33200000000005
432,Gaming Console,Electronics,463.99,1000,537.717,510.38900000000007
433,Yoga Mat,Fitness,860.17,500,521.42676,946.187
434,Treadmill,Fitness,692.93,500,474.67145,762.223
435,Skipping Rope,Fitness,1034.69,500,411.43494,1138.159
436,Smartwatch,Electronics,1124.08,100,317.53836,1011.6719999999999
437,Yoga Mat,Fitness,794.76,1000,433.7131,874.2360000000001
438,Tablet,Electronics,465.2,100,537.717,511.72
439,Headphones,Electronics,1815.71,500,378.12842,1997.2810000000002
440,Hair Dryer,Personal Care,1651.09,100,478.5958,1816.199
441,Power Bank,Accessories,1991.13,500,586.3904,2190.2430000000004
442,Gaming Console,Electronics,1052.46,1000,673.3215,1157.7060000000001
443,Camera,Electronics,283.89,100,242.17064,255.501
444,Dining Table,Furniture,1077.69,500,602.485,1185.459
445,Gaming Console,Electronics,105.41,100,515.5189,115.95100000000001
446,Dining Table,Furniture,848.22,100,458.9367,933.0420000000001
447,Sofa,Furniture,357.83,1000,562.2391,393.613
448,Shampoo,Personal Care,905.02,1000,575.1018,995.522
449,Headphones,Electronics,584.59,100,503.59744,643.0490000000001
450,Treadmill,Fitness,233.77,100,419.0521,257.14700000000005
451,Yoga Mat,Fitness,496.5,1000,516.29785,546.1500000000001
452,Vacuum Cleaner,Home Appliances,946.62,100,518.8923,1041.2820000000002
453,Watch,Fashion,1642.74,100,478.5958,1807.0140000000001
454,Chair,Furniture,1931.52,100,622.16144,2124.672
455,Wallet,Accessories,833.91,100,458.9367,917.301
456,Air Conditioner,Home Appliances,722.85,500,561.6725,795.1350000000001
457,Headphones,Electronics,1378.89,100,485.699,1516.7790000000002
458,Power Bank,Accessories,768.69,500,563.1645,845.5590000000001
459,Jacket,Fashion,685.51,1000,474.67145,754.061
460,Jeans,Fashion,441.77,1000,511.94324,485.947
461,Chair,Furniture,1005.49,500,471.6402,1106.039
462,Desk Lamp,Furniture,997.39,1000,536.7875,1097.1290000000001
463,Perfume,Personal Care,549.91,100,575.5334,604.9010000000001
464,Shampoo,Personal Care,1903.05,100,560.0414,2093.355
465,Hair Dryer,Personal Care,1321.5,1000,655.9877,1453.65
466,Exercise Bike,Fitness,1196.17,1000,514.7031,1315.7870000000003
467,Sneakers,Fashion,316.04,500,510.4607,347.64400000000006
468,Laptop,Electronics,620.32,1000,593.07104,682.3520000000001
469,Sneakers,Fashion,1018.8,100,411.43494,1120.68
470,Power Bank,Accessories,481.33,100,516.29785,529.4630000000001
471,Camera,Electronics,1143.52,500,514.7031,1257.872
472,Dining Table,Furniture,203.51,1000,702.09784,223.86100000000002
473,T-Shirt,Fashion,759.59,100,563.1645,835.5490000000001
474,Jeans,Fashion,1503.88,1000,513.3088,1654.2680000000003
475,Yoga Mat,Fitness,1315.41,1000,748.7156,1446.9510000000002
476,Sofa,Furniture,1201.14,1000,514.7031,1321.2540000000001
477,Watch,Fashion,537.12,1000,598.3785,590.8320000000001
478,Air Conditioner,Home Appliances,1291.27,1000,748.7156,1420.3970000000002
479,Laptop,Electronics,1171.56,500,514.7031,1288.7160000000001
480,Laptop Stand,Accessories,1137.02,1000,473.205,1250.722
481,Tablet,Electronics,1659.97,100,461.37106,1825.967
482,Treadmill,Fitness,1201.5,500,514.7031,1321.65
483,Perfume,Personal Care,1755.39,1000,504.87958,1930.9290000000003
484,Gaming Console,Electronics,500.85,100,516.29785,550.9350000000001
485,Headphones,Electronics,451.97,100,511.94324,497.1670000000001
486,Jeans,Fashion,1317.34,500,748.7156,1449.074
487,Backpack,Accessories,725.62,1000,561.6725,798.182
488,Hair Dryer,Personal Care,1759.89,1000,504.87958,1935.8790000000004
489,Microwave,Home Appliances,1802.66,100,378.12842,1982.9260000000002
490,Shampoo,Personal Care,1016.22,100,471.6402,1117.842
491,Treadmill,Fitness,1364.51,1000,485.699,1500.961
492,Bed,Furniture,1114.62,500,375.8385,1226.0819999999999
493,Sofa,Furniture,993.1,1000,536.7875,1092.41
494,Camera,Electronics,703.05,100,474.67145,773.355
495,Headphones,Electronics,687.69,500,474.67145,756.4590000000002
496,Coffee Maker,Home Appliances,1622.86,500,493.35068,1785.146
497,Air Conditioner,Home Appliances,740.91,1000,568.4586,815.001
498,Bed,Furniture,781.16,500,563.1645,859.2760000000001
499,Laptop Stand,Accessories,861.74,100,521.42676,947.9140000000001
500,Sofa,Furniture,1911.61,1000,560.0414,2102.771
501,Sofa,Furniture,1826.29,100,345.88306,1643.661
502,Bed,Furniture,733.38,500,614.4544,806.7180000000001
503,Hair Dryer,Personal Care,297.31,1000,550.88324,327.04100000000005
504,Skipping Rope,Fitness,1373.72,500,485.699,1511.092
505,Coffee Maker,Home Appliances,1891.84,1000,597.09424,2081.024
506,Sunglasses,Fashion,336.55,500,510.4607,370.20500000000004
507,Sofa,Furniture,1727.37,500,517.80835,1900.107
508,Watch,Fashion,268.87,1000,717.1626,295.757
509,Vacuum Cleaner,Home Appliances,1782.15,1000,488.1807,1960.3650000000002
510,Bed,Furniture,1457.53,100,520.2904,1603.2830000000001
511,Watch,Fashion,41.34,500,498.8705,45.47400000000001
512,Air Conditioner,Home Appliances,627.62,1000,593.07104,690.3820000000001
513,Dumbbells,Fitness,401.31,500,562.2391,441.44100000000003
514,Desk Lamp,Furniture,1301.67,500,748.7156,1431.8370000000002
515,Jeans,Fashion,638.81,100,574.34863,702.691
516,Sunglasses,Fashion,1107.32,100,375.8385,1218.0520000000001
517,Toothbrush,Personal Care,659.2,1000,542.9368,725.1200000000001
518,Microwave,Home Appliances,1652.14,500,461.37106,1817.3540000000003
519,Jeans,Fashion,1089.58,1000,429.42017,1198.538
520,Laptop,Electronics,531.52,1000,598.3785,584.672
521,Watch,Fashion,311.76,500,510.4607,342.93600000000004
522,Bed,Furniture,988.94,1000,518.8923,1087.834
523,T-Shirt,Fashion,1565.43,100,427.9287,1721.9730000000002
524,Jeans,Fashion,638.68,1000,593.07104,702.548
525,Desk Lamp,Furniture,1467.02,500,525.8067,1613.7220000000002
526,Toothbrush,Personal Care,67.28,1000,566.40497,74.00800000000001
527,Dining Table,Furniture,1319.34,1000,748.7156,1451.2740000000001
528,Sofa,Furniture,620.34,1000,593.07104,682.3740000000001
529,Power Bank,Accessories,1261.02,1000,514.7031,1387.122
530,Skipping Rope,Fitness,316.97,500,510.4607,348.66700000000003
531,Headphones,Electronics,856.42,100,458.9367,942.062
532,Chair,Furniture,10.77,1000,562.6165,11.847000000000001
533,Laptop Stand,Accessories,111.48,500,515.5189,122.62800000000001
534,Body Lotion,Personal Care,1941.8,1000,583.42377,2135.98
535,Wallet,Accessories,990.28,500,518.8923,1089.308
536,Laptop Stand,Accessories,1779.37,500,488.1807,1957.307
537,Camera,Electronics,1171.8,1000,514.7031,1288.98
538,Vacuum Cleaner,Home Appliances,723.2,500,561.6725,795.5200000000001
539,Body Lotion,Personal Care,825.56,1000,500.2537,908.116
540,Backpack,Accessories,1377.98,500,485.699,1515.7780000000002
541,Blender,Home Appliances,1327.83,1000,617.4184,1460.613
542,Yoga Mat,Fitness,1114.37,500,375.8385,1225.807
543,Vacuum Cleaner,Home Appliances,38.55,100,639.7028,42.405
544,Headphones,Electronics,545.73,100,575.5334,600.3030000000001
545,Smartphone,Electronics,277.94,100,242.17064,250.14600000000002
546,Body Lotion,Personal Care,1786.1,100,488.1807,1964.71
547,Vacuum Cleaner,Home Appliances,592.96,100,503.59744,652.2560000000001
548,Blender,Home Appliances,481.55,1000,516.29785,529.705
549,Smartphone,Electronics,651.58,100,574.34863,716.738
550,Yoga Mat,Fitness,450.9,100,511.94324,495.99
551,Jacket,Fashion,1934.65,1000,622.16144,2128.1150000000002
552,Tablet,Electronics,503.56,1000,516.29785,553.916
553,Coffee Maker,Home Appliances,572.92,500,503.59744,630.212
554,Dining Table,Furniture,1900.87,100,597.09424,2090.957
555,Bed,Furniture,1012.19,1000,471.6402,1113.409
556,Watch,Fashion,1991.35,500,586.3904,2190.485
557,Dumbbells,Fitness,1875.74,100,413.55087,2063.3140000000003
558,Body Lotion,Personal Care,416.72,100,483.83807,458.39200000000005
559,Belt,Accessories,1240.44,1000,514.7031,1364.4840000000002
560,Dining Table,Furniture,1624.41,500,493.35068,1786.8510000000003
561,Sofa,Furniture,330.78,500,510.4607,363.858
562,Power Bank,Accessories,281.5,100,242.17064,253.35
563,Body Lotion,Personal Care,858.92,500,521.42676,944.812
564,Jeans,Fashion,1168.91,100,514.7031,1285.8010000000002
565,Belt,Accessories,807.49,500,394.64786,888.239
566,Perfume,Personal Care,1563.91,100,427.9287,1720.3010000000002
567,Microwave,Home Appliances,1815.37,1000,378.12842,1996.9070000000002
568,Dining Table,Furniture,1273.99,1000,511.9722,1401.3890000000001
569,Chair,Furniture,1356.45,500,485.699,1492.0950000000003
570,Body Lotion,Personal Care,484.4,1000,516.29785,532.84
571,Headphones,Electronics,1280.67,500,511.9722,1408.7370000000003
572,Bed,Furniture,758.33,500,563.1645,834.1630000000001
573,Blender,Home Appliances,506.9,500,516.29785,557.59
574,Headphones,Electronics,1141.65,100,473.205,1255.8150000000003
575,Coffee Maker,Home Appliances,1453.95,100,520.2904,1599.3450000000003
576,Microwave,Home Appliances,1247.74,1000,514.7031,1372.5140000000001
577,Dumbbells,Fitness,677.11,1000,474.67145,744.821
578,Body Lotion,Personal Care,833.73,100,500.2537,917.1030000000001
579,Perfume,Personal Care,1760.91,500,504.87958,1937.0010000000002
580,Handbag,Fashion,665.94,500,474.67145,732.5340000000001
581,Blender,Home Appliances,683.3,100,474.67145,751.63
582,Coffee Maker,Home Appliances,1180.07,100,514.7031,1298.077
583,Headphones,Electronics,241.81,1000,419.0521,265.99100000000004
584,Smartwatch,Electronics,653.33,1000,542.9368,718.6630000000001
585,Power Bank,Accessories,1568.64,500,434.20615,1725.5040000000004
586,Power Bank,Accessories,653.09,1000,542.9368,718.3990000000001
587,Bed,Furniture,355.14,500,579.8056,390.654
588,Backpack,Accessories,1452.95,1000,520.2904,1598.2450000000001
589,Dining Table,Furniture,688.06,500,474.67145,756.866
590,Gaming Console,Electronics,1869.36,1000,413.55087,2056.2960000000003
591,Desk Lamp,Furniture,1847.23,100,733.6207,2031.9530000000002
592,Sunglasses,Fashion,316.96,100,510.4607,348.656
593,Air Conditioner,Home Appliances,619.9,1000,593.07104,681.89
594,Dumbbells,Fitness,566.44,100,503.59744,623.0840000000001
595,Chair,Furniture,611.98,1000,532.6075,673.1780000000001
596,Tablet,Electronics,1463.45,500,520.2904,1609.795
597,Hair Dryer,Personal Care,1349.37,100,485.699,1484.307
598,Belt,Accessories,1306.9,1000,748.7156,1437.5900000000001
599,Backpack,Accessories,538.08,1000,575.5334,591.8880000000001
600,Microwave,Home Appliances,1969.13,1000,592.2794,2166.043
601,Coffee Maker,Home Appliances,879.26,100,455.8058,967.186
602,Smartwatch,Electronics,1050.94,100,673.3215,1156.034
603,Yoga Mat,Fitness,504.61,1000,516.29785,555.071
604,Belt,Accessories,811.76,1000,520.6133,892.936
605,Hair Dryer,Personal Care,1294.54,1000,748.7156,1423.9940000000001
606,Coffee Maker,Home Appliances,648.12,500,574.34863,712.932
607,Gaming Console,Electronics,1541.61,1000,545.89935,1695.771
608,Sofa,Furniture,500.47,100,516.29785,550.517
609,Power Bank,Accessories,453.85,1000,511.94324,499.23500000000007
610,Desk Lamp,Furniture,255.65,1000,726.54095,281.21500000000003
611,Jacket,Fashion,521.26,1000,598.3785,573.3860000000001
612,Handbag,Fashion,282.54,100,242.17064,254.28600000000003
613,Wallet,Accessories,461.1,500,497.2498,507.2100000000001
614,Hair Dryer,Personal Care,1182.25,100,514.7031,1300.4750000000001
615,Perfume,Personal Care,32.71,500,639.7028,35.981
616,Smartphone,Electronics,798.48,500,433.7131,878.3280000000001
617,Toothbrush,Personal Care,877.0,100,455.8058,964.7
618,T-Shirt,Fashion,315.73,100,510.4607,347.30300000000005
619,Camera,Electronics,1002.71,500,471.6402,1102.9810000000002
620,Sofa,Furniture,1591.08,1000,744.13916,1750.188
621,Jeans,Fashion,817.69,100,500.2537,899.4590000000002
622,Belt,Accessories,802.15,1000,433.7131,882.365
623,Sneakers,Fashion,11.5,100,562.6165,12.65
624,Gaming Console,Electronics,290.45,1000,550.88324,319.495
625,Blender,Home Appliances,900.41,500,455.8058,990.451
626,Blender,Home Appliances,1468.71,1000,525.8067,1615.5810000000001
627,Belt,Accessories,1084.02,500,284.90515,975.618
628,Exercise Bike,Fitness,1463.51,100,520.2904,1609.861
629,Body Lotion,Personal Care,1669.41,500,506.38788,1836.3510000000003
630,Smartphone,Electronics,1745.04,500,504.87958,1919.544
631,Blender,Home Appliances,1557.7,500,427.9287,1713.4700000000003
632,Blender,Home Appliances,1299.96,1000,748.7156,1429.9560000000001
633,Toothbrush,Personal Care,340.55,1000,579.8056,374.605
634,Exercise Bike,Fitness,1392.58,1000,485.699,1531.838
635,Dumbbells,Fitness,1011.67,1000,471.6402,1112.837
636,Skipping Rope,Fitness,85.93,500,666.62555,94.52300000000001
637,Yoga Mat,Fitness,654.92,1000,542.9368,720.412
638,Yoga Mat,Fitness,1041.57,100,411.43494,1145.727
639,Backpack,Accessories,1490.38,1000,513.3088,1639.4180000000003
640,Desk Lamp,Furniture,1927.46,1000,622.16144,2120.206
641,Skipping Rope,Fitness,1261.42,1000,511.9722,1387.5620000000001
642,Vacuum Cleaner,Home Appliances,1713.74,100,410.7221,1885.1140000000003
643,Microwave,Home Appliances,138.17,1000,620.25134,151.987
644,Hair Dryer,Personal Care,120.33,1000,592.41705,132.363
645,Body Lotion,Personal Care,859.32,500,521.42676,945.2520000000002
646,Yoga Mat,Fitness,1233.66,100,514.7031,1357.0260000000003
647,Backpack,Accessories,1917.48,500,586.4765,2109.228
648,Jeans,Fashion,1731.95,100,504.87958,1905.1450000000002
649,Yoga Mat,Fitness,1081.4,100,284.90515,973.2600000000001
650,Sunglasses,Fashion,1827.04,100,345.88306,1644.336
651,Skipping Rope,Fitness,1182.36,500,514.7031,1300.596
652,Exercise Bike,Fitness,960.41,100,518.8923,1056.451
653,Belt,Accessories,468.88,1000,537.717,515.768
654,Body Lotion,Personal Care,1640.01,1000,676.03625,1804.0110000000002
655,Smartphone,Electronics,1485.3,100,453.55698,1633.8300000000002
656,Toothbrush,Personal Care,1727.23,100,517.80835,1899.9530000000002
657,Desk Lamp,Furniture,1883.01,1000,597.09424,2071.311
658,Wallet,Accessories,501.83,100,516.29785,552.013
659,Body Lotion,Personal Care,113.15,500,534.71704,124.46500000000002
660,Treadmill,Fitness,654.02,500,542.9368,719.422
661,Body Lotion,Personal Care,1488.67,1000,513.3088,1637.5370000000003
662,Watch,Fashion,192.96,1000,620.944,212.25600000000003
663,Dining Table,Furniture,1367.79,500,485.699,1504.5690000000002
664,Body Lotion,Personal Care,783.88,500,563.1645,862.268
665,Microwave,Home Appliances,491.03,1000,516.29785,540.133
666,Perfume,Personal Care,297.53,1000,550.88324,327.283
667,Treadmill,Fitness,572.97,500,503.59744,630.267
668,Smartwatch,Electronics,1717.8,1000,563.3787,1889.5800000000002
669,Watch,Fashion,1990.17,500,586.3904,2189.1870000000004
670,Power Bank,Accessories,656.89,100,542.9368,722.5790000000001
671,Dining Table,Furniture,484.4,1000,516.29785,532.84
672,Microwave,Home Appliances,1941.6,100,583.42377,2135.76
673,Laptop Stand,Accessories,307.73,500,520.81195,338.50300000000004
674,Sneakers,Fashion,361.49,1000,562.2391,397.63900000000007
675,Perfume,Personal Care,290.42,500,550.88324,319.46200000000005
676,Watch,Fashion,469.24,100,537.717,516.1640000000001
677,Belt,Accessories,838.8,100,458.9367,922.6800000000001
678,Tablet,Electronics,1094.38,500,375.8385,1203.8180000000002
679,Perfume,Personal Care,1324.82,1000,655.9877,1457.3020000000001
680,Toothbrush,Personal Care,1114.0,1000,375.8385,1225.4
681,Chair,Furniture,788.81,100,563.1645,867.691
682,Headphones,Electronics,1034.56,100,411.43494,1138.016
683,Laptop Stand,Accessories,888.02,500,455.8058,976.822
684,Power Bank,Accessories,100.57,100,546.9822,110.627
685,Headphones,Electronics,1196.15,500,514.7031,1315.765
686,Laptop Stand,Accessories,1173.94,500,514.7031,1291.334
687,Camera,Electronics,1680.0,500,506.38788,1848.0000000000002
688,Backpack,Accessories,1686.03,100,506.38788,1854.633
689,Coffee Maker,Home Appliances,744.57,1000,568.4586,819.0270000000002
690,Yoga Mat,Fitness,1746.98,500,504.87958,1921.678
691,Toothbrush,Personal Care,1543.0,100,545.89935,1697.3000000000002
692,Toothbrush,Personal Care,958.43,100,518.8923,1054.2730000000001
693,Smartwatch,Electronics,491.63,100,516.29785,540.793
694,Vacuum Cleaner,Home Appliances,102.58,1000,515.5189,112.83800000000001
695,Gaming Console,Electronics,1328.12,100,617.4184,1460.932
696,Laptop,Electronics,186.7,500,543.91656,205.37
697,Gaming Console,Electronics,931.52,100,518.8923,1024.672
698,Laptop Stand,Accessories,1551.45,1000,418.12354,1706.5950000000003
699,Dining Table,Furniture,1017.85,500,471.6402,1119.6350000000002
700,Dumbbells,Fitness,470.66,100,537.717,517.7260000000001
701,Hair Dryer,Personal Care,170.94,1000,543.91656,188.03400000000002
702,Jacket,Fashion,361.39,100,562.2391,397.529
703,Treadmill,Fitness,1398.64,100,333.79794,1258.776
704,Desk Lamp,Furniture,1737.85,500,504.87958,1911.635
705,Chair,Furniture,171.01,500,543.91656,188.11100000000002
706,Treadmill,Fitness,539.0,100,575.5334,592.9000000000001
707,Belt,Accessories,518.63,1000,598.3785,570.493
708,Microwave,Home Appliances,1699.59,1000,595.4342,1869.549
709,Bed,Furniture,1566.06,1000,434.20615,1722.6660000000002
710,Tablet,Electronics,1545.5,100,446.46487,1700.0500000000002
711,Skipping Rope,Fitness,941.74,1000,518.8923,1035.914
712,Smartwatch,Electronics,729.91,1000,561.6725,802.9010000000001
713,Dining Table,Furniture,831.7,500,500.2537,914.8700000000001
714,Skipping Rope,Fitness,1674.3,1000,506.38788,1841.73
715,Perfume,Personal Care,1253.72,1000,514.7031,1379.092
716,Sunglasses,Fashion,406.54,1000,562.2391,447.1940000000001
717,Laptop Stand,Accessories,613.08,1000,532.6075,674.3880000000001
718,Headphones,Electronics,828.18,1000,500.2537,910.998
719,Vacuum Cleaner,Home Appliances,702.52,500,474.67145,772.772
720,Gaming Console,Electronics,114.7,1000,592.41705,126.17000000000002
721,Dining Table,Furniture,497.25,100,516.29785,546.975
722,Hair Dryer,Personal Care,1002.33,1000,505.23334,1102.563
723,Shampoo,Personal Care,1426.63,100,389.53806,1569.2930000000003
724,Coffee Maker,Home Appliances,750.56,500,563.1645,825.616
725,T-Shirt,Fashion,382.36,1000,562.2391,420.59600000000006
726,Sneakers,Fashion,851.87,1000,458.9367,937.0570000000001
727,Microwave,Home Appliances,1512.54,100,513.3088,1663.794
728,Dining Table,Furniture,1736.31,500,504.87958,1909.941
729,Blender,Home Appliances,1362.41,100,485.699,1498.6510000000003
730,Jeans,Fashion,544.76,1000,575.5334,599.236
731,Body Lotion,Personal Care,392.14,500,562.2391,431.35400000000004
732,Camera,Electronics,736.42,500,568.4586,810.062
733,Toothbrush,Personal Care,242.21,1000,726.54095,266.43100000000004
734,Shampoo,Personal Care,282.42,100,242.17064,254.17800000000003
735,Air Conditioner,Home Appliances,1627.83,1000,552.2819,1790.613
736,Belt,Accessories,1133.45,100,473.205,1246.795
737,Camera,Electronics,1536.07,1000,631.8787,1689.6770000000001
738,Chair,Furniture,146.14,1000,620.25134,160.754
739,Gaming Console,Electronics,1616.98,1000,493.35068,1778.678
740,Power Bank,Accessories,266.07,1000,717.1626,292.677
741,Blender,Home Appliances,801.62,100,433.7131,881.782
742,Gaming Console,Electronics,547.99,1000,575.5334,602.7890000000001
743,Exercise Bike,Fitness,1333.36,1000,617.4184,1466.696
744,Smartwatch,Electronics,1320.76,1000,655.9877,1452.836
745,Dining Table,Furniture,527.28,1000,598.3785,580.008
746,Laptop Stand,Accessories,24.5,500,558.463,26.950000000000003
747,Shampoo,Personal Care,1756.17,100,504.87958,1931.7870000000003
748,Hair Dryer,Personal Care,813.06,100,520.6133,894.366
749,Treadmill,Fitness,1957.8,500,592.2794,2153.58
750,Jacket,Fashion,1460.01,100,520.2904,1606.0110000000002
751,Shampoo,Personal Care,1711.08,500,410.7221,1882.188
752,Skipping Rope,Fitness,1440.35,100,486.59204,1584.385
753,Smartwatch,Electronics,157.57,500,453.90335,173.327
754,Treadmill,Fitness,83.67,500,537.60077,92.037
755,Vacuum Cleaner,Home Appliances,1701.78,500,595.4342,1871.958
756,Air Conditioner,Home Appliances,222.81,500,419.0521,245.091
757,Sneakers,Fashion,522.33,500,598.3785,574.5630000000001
758,Gaming Console,Electronics,736.0,100,568.4586,809.6
759,Headphones,Electronics,1703.56,500,595.4342,1873.9160000000002
760,Toothbrush,Personal Care,668.24,100,474.67145,735.0640000000001
761,Body Lotion,Personal Care,1049.87,500,673.3215,1154.857
762,Shampoo,Personal Care,743.83,100,568.4586,818.2130000000001
763,Vacuum Cleaner,Home Appliances,1184.51,100,514.7031,1302.961
764,Coffee Maker,Home Appliances,1476.33,100,453.55698,1623.963
765,Watch,Fashion,798.8,500,433.7131,878.6800000000001
766,Jacket,Fashion,1070.47,500,602.485,1177.517
767,T-Shirt,Fashion,528.99,1000,598.3785,581.889
768,Sofa,Furniture,1705.61,1000,595.4342,1876.171
769,Shampoo,Personal Care,999.4,500,536.7875,1099.3400000000001
770,Chair,Furniture,838.96,500,458.9367,922.8560000000001
771,Headphones,Electronics,924.21,100,518.8923,1016.6310000000001
772,Power Bank,Accessories,287.87,500,550.88324,316.65700000000004
773,Sofa,Furniture,1158.6,1000,514.7031,1274.46
774,Hair Dryer,Personal Care,840.56,500,458.9367,924.616
775,Laptop Stand,Accessories,430.04,500,511.94324,473.04400000000004
776,Tablet,Electronics,1080.37,100,284.90515,972.333
777,Bed,Furniture,353.32,1000,579.8056,388.65200000000004
778,Jeans,Fashion,1002.3,500,505.23334,1102.53
779,Laptop,Electronics,1290.14,100,396.92493,1419.1540000000002
780,Watch,Fashion,1933.92,1000,622.16144,2127.3120000000004
781,Toothbrush,Personal Care,859.86,100,521.42676,945.8460000000001
782,Desk Lamp,Furniture,1423.11,1000,389.53806,1565.421
783,Tablet,Electronics,895.21,100,455.8058,984.7310000000001
784,Body Lotion,Personal Care,204.83,500,702.09784,225.31300000000005
785,Backpack,Accessories,1742.12,500,504.87958,1916.332
786,Dining Table,Furniture,1563.86,500,427.9287,1720.246
787,Body Lotion,Personal Care,1601.49,100,392.97992,1761.6390000000001
788,Power Bank,Accessories,1298.58,500,748.7156,1428.438
789,Jacket,Fashion,1638.74,100,552.2819,1802.6140000000003
790,Backpack,Accessories,643.14,1000,574.34863,707.4540000000001
791,Laptop Stand,Accessories,1621.63,500,493.35068,1783.7930000000003
792,Skipping Rope,Fitness,1379.65,100,485.699,1517.6150000000002
793,Bed,Furniture,295.03,500,550.88324,324.533
794,Toothbrush,Personal Care,1191.24,500,514.7031,1310.364
795,Microwave,Home Appliances,88.61,1000,666.62555,97.471
796,Dining Table,Furniture,1556.53,500,427.9287,1712.1830000000002
797,Vacuum Cleaner,Home Appliances,553.79,1000,575.5334,609.169
798,Desk Lamp,Furniture,1800.92,100,339.93417,1620.8280000000002
799,Backpack,Accessories,1968.16,500,592.2794,2164.976
800,Jeans,Fashion,1309.87,1000,748.7156,1440.857
801,Coffee Maker,Home Appliances,1239.43,100,514.7031,1363.3730000000003
802,Smartphone,Electronics,1665.39,100,461.37106,1831.9290000000003
803,Hair Dryer,Personal Care,991.83,500,518.8923,1091.0130000000001
804,Skipping Rope,Fitness,374.55,500,562.2391,412.00500000000005
805,Wallet,Accessories,293.3,500,550.88324,322.63000000000005
806,Desk Lamp,Furniture,1056.57,1000,673.3215,1162.227
807,Handbag,Fashion,1789.2,100,488.1807,1968.1200000000001
808,Desk Lamp,Furniture,1627.56,100,552.2819,1790.316
809,Vacuum Cleaner,Home Appliances,162.36,100,373.90674,178.59600000000003
810,Camera,Electronics,212.01,500,702.09784,233.211
811,Body Lotion,Personal Care,938.91,100,518.8923,1032.8010000000002
812,Blender,Home Appliances,1082.61,1000,284.90515,974.3489999999999
813,Handbag,Fashion,240.3,100,419.0521,264.33000000000004
814,Sunglasses,Fashion,1119.33,500,375.8385,1231.263
815,Air Conditioner,Home Appliances,1951.22,100,583.42377,2146.342
816,Exercise Bike,Fitness,1523.61,500,631.8787,1675.971
817,Vacuum Cleaner,Home Appliances,1838.96,100,345.88306,1655.064
818,Laptop Stand,Accessories,220.0,100,342.69714,198.0
819,Sneakers,Fashion,1544.82,500,545.89935,1699.3020000000001
820,Treadmill,Fitness,959.61,1000,518.8923,1055.5710000000001
821,Dining Table,Furniture,1733.85,1000,504.87958,1907.2350000000001
822,Skipping Rope,Fitness,1821.4,100,331.18542,1639.2600000000002
823,Wallet,Accessories,851.14,100,458.9367,936.254
824,Power Bank,Accessories,433.1,100,511.94324,476.4100000000001
825,Body Lotion,Personal Care,380.24,1000,562.2391,418.26400000000007
826,Treadmill,Fitness,192.35,500,620.944,211.585
827,Smartphone,Electronics,1653.94,500,461.37106,1819.3340000000003
828,Wallet,Accessories,852.3,500,458.9367,937.53
829,Yoga Mat,Fitness,1287.08,100,396.92493,1415.788
830,Sunglasses,Fashion,334.61,500,510.4607,368.071
831,Blender,Home Appliances,1639.53,500,552.2819,1803.4830000000002
832,Shampoo,Personal Care,1703.86,1000,595.4342,1874.246
833,Toothbrush,Personal Care,1830.35,100,345.88306,1647.315
834,Watch,Fashion,1747.24,500,504.87958,1921.9640000000002
835,Bed,Furniture,1106.35,100,375.8385,1216.985
836,Bed,Furniture,521.78,1000,598.3785,573.958
837,Treadmill,Fitness,829.02,500,500.2537,911.922
838,Body Lotion,Personal Care,1317.43,500,748.7156,1449.1730000000002
839,T-Shirt,Fashion,1048.56,100,411.43494,1153.416
840,Dining Table,Furniture,842.59,500,458.9367,926.8490000000002
841,Air Conditioner,Home Appliances,1734.6,500,504.87958,1908.06
842,Wallet,Accessories,805.75,100,394.64786,886.325
843,Toothbrush,Personal Care,691.21,500,474.67145,760.3310000000001
844,Yoga Mat,Fitness,625.69,500,593.07104,688.2590000000001
845,Treadmill,Fitness,541.64,500,575.5334,595.8040000000001
846,Bed,Furniture,196.39,100,620.944,216.029
847,Skipping Rope,Fitness,1237.09,500,514.7031,1360.799
848,Toothbrush,Personal Care,863.36,1000,521.42676,949.6960000000001
849,Perfume,Personal Care,1044.08,500,411.43494,1148.488
850,Belt,Accessories,1305.93,100,748.7156,1436.5230000000001
851,Backpack,Accessories,1641.29,1000,676.03625,1805.419
852,Shampoo,Personal Care,271.7,1000,717.1626,298.87
853,Tablet,Electronics,305.45,1000,520.81195,335.995
854,Perfume,Personal Care,1800.65,100,339.93417,1620.585
855,Dumbbells,Fitness,1782.12,500,488.1807,1960.332
856,Chair,Furniture,861.63,1000,521.42676,947.7930000000001
857,Air Conditioner,Home Appliances,734.38,1000,614.4544,807.8180000000001
858,Exercise Bike,Fitness,1024.19,500,411.43494,1126.6090000000002
859,Handbag,Fashion,424.14,1000,511.94324,466.55400000000003
860,Toothbrush,Personal Care,270.51,1000,717.1626,297.56100000000004
861,Dining Table,Furniture,333.77,500,510.4607,367.147
862,Handbag,Fashion,455.68,100,511.94324,501.24800000000005
863,Coffee Maker,Home Appliances,146.05,1000,620.25134,160.65500000000003
864,Desk Lamp,Furniture,1877.53,500,413.55087,2065.2830000000004
865,Sofa,Furniture,843.92,1000,458.9367,928.312
866,Dining Table,Furniture,1506.3,1000,513.3088,1656.93
867,Power Bank,Accessories,966.74,100,518.8923,1063.414
868,Treadmill,Fitness,310.37,500,520.81195,341.40700000000004
869,Laptop,Electronics,459.92,100,497.2498,505.91200000000003
870,Toothbrush,Personal Care,471.59,1000,537.717,518.749
871,Skipping Rope,Fitness,816.68,1000,500.2537,898.3480000000001
872,Blender,Home Appliances,482.56,100,516.29785,530.816
873,Gaming Console,Electronics,850.06,100,458.9367,935.066
874,Power Bank,Accessories,1772.31,1000,569.9878,1949.5410000000002
875,Belt,Accessories,818.89,500,500.2537,900.7790000000001
876,Sofa,Furniture,270.32,1000,717.1626,297.35200000000003
877,Chair,Furniture,574.28,100,503.59744,631.708
878,Hair Dryer,Personal Care,1062.94,500,602.485,1169.2340000000002
879,Backpack,Accessories,1009.87,100,471.6402,1110.8570000000002
880,Sofa,Furniture,1269.73,1000,511.9722,1396.7030000000002
881,Hair Dryer,Personal Care,1950.25,500,583.42377,2145.275
882,Toothbrush,Personal Care,552.76,500,575.5334,608.0360000000001
883,Jacket,Fashion,704.78,500,561.6725,775.258
884,Exercise Bike,Fitness,1662.45,500,461.37106,1828.6950000000002
885,Shampoo,Personal Care,1573.41,1000,434.20615,1730.7510000000002
886,Camera,Electronics,516.57,500,437.53452,568.2270000000001
887,Bed,Furniture,1856.25,100,413.55087,2041.8750000000002
888,Coffee Maker,Home Appliances,1722.73,500,563.3787,1895.0030000000002
889,Bed,Furniture,1866.11,500,413.55087,2052.721
890,Handbag,Fashion,546.06,100,575.5334,600.6659999999999
891,Desk Lamp,Furniture,972.12,1000,518.8923,1069.332
892,Belt,Accessories,152.52,1000,453.90335,167.77200000000002
893,Watch,Fashion,544.08,500,575.5334,598.488
894,Vacuum Cleaner,Home Appliances,762.66,100,563.1645,838.926
895,Wallet,Accessories,730.8,500,561.6725,803.88
896,Hair Dryer,Personal Care,273.37,500,717.1626,300.70700000000005
897,Air Conditioner,Home Appliances,1303.21,1000,748.7156,1433.5310000000002
898,Smartphone,Electronics,1781.9,500,488.1807,1960.0900000000001
899,Treadmill,Fitness,1511.1,100,513.3088,1662.21
900,Treadmill,Fitness,641.38,500,574.34863,705.518
901,Laptop Stand,Accessories,708.18,1000,561.6725,778.998
902,Jeans,Fashion,1194.54,500,514.7031,1313.9940000000001
903,Perfume,Personal Care,684.58,1000,474.67145,753.0380000000001
904,Power Bank,Accessories,144.57,1000,620.25134,159.02700000000002
905,Blender,Home Appliances,1943.12,1000,583.42377,2137.4320000000002
906,Laptop Stand,Accessories,1245.48,1000,514.7031,1370.028
907,Dining Table,Furniture,64.36,500,566.40497,70.796
908,Microwave,Home Appliances,1140.51,100,473.205,1254.5610000000001
909,Wallet,Accessories,472.91,1000,609.41156,520.201
910,Laptop Stand,Accessories,1383.3,500,485.699,1521.63
911,Microwave,Home Appliances,953.96,1000,518.8923,1049.3560000000002
912,Microwave,Home Appliances,1789.27,1000,503.5877,1968.1970000000001
913,Air Conditioner,Home Appliances,1911.99,100,560.0414,2103.1890000000003
914,Tablet,Electronics,1911.39,1000,560.0414,2102.5290000000005
915,Laptop,Electronics,1069.5,100,602.485,1176.45
916,Tablet,Electronics,1926.39,1000,586.4765,2119.0290000000005
917,Treadmill,Fitness,1182.07,100,514.7031,1300.277
918,Body Lotion,Personal Care,587.01,1000,503.59744,645.711
919,T-Shirt,Fashion,1492.7,100,513.3088,1641.9700000000003
920,Dining Table,Furniture,534.56,1000,598.3785,588.016
921,Headphones,Electronics,1949.76,500,583.42377,2144.7360000000003
922,Laptop,Electronics,148.57,100,453.90335,163.427
923,Belt,Accessories,1984.03,500,586.3904,2182.433
924,Treadmill,Fitness,1089.0,100,429.42017,1197.9
925,Bed,Furniture,102.23,500,515.5189,112.45300000000002
926,Exercise Bike,Fitness,1954.43,500,583.42377,2149.873
927,Blender,Home Appliances,735.79,1000,614.4544,809.369
928,Backpack,Accessories,1846.0,1000,733.6207,2030.6000000000001
929,Smartphone,Electronics,1461.6,500,520.2904,1607.76
930,Skipping Rope,Fitness,1306.32,1000,748.7156,1436.952
931,Sofa,Furniture,194.83,500,620.944,214.31300000000005
932,Perfume,Personal Care,796.08,100,433.7131,875.6880000000001
933,Coffee Maker,Home Appliances,1434.36,1000,486.59204,1577.796
934,Sunglasses,Fashion,1674.84,500,506.38788,1842.324
935,Jeans,Fashion,1864.87,100,413.55087,2051.357
936,Air Conditioner,Home Appliances,1487.41,500,513.3088,1636.1510000000003
937,Body Lotion,Personal Care,1981.26,1000,227.56755,1783.134
938,Treadmill,Fitness,53.1,500,566.40497,58.410000000000004
939,Laptop Stand,Accessories,1014.67,1000,471.6402,1116.137
940,Air Conditioner,Home Appliances,1499.86,500,513.3088,1649.846
941,Sofa,Furniture,1998.74,1000,586.3904,2198.614
942,Tablet,Electronics,420.07,500,483.83807,462.07700000000006
943,Smartphone,Electronics,1574.32,500,434.20615,1731.7520000000002
944,Chair,Furniture,1280.81,100,511.9722,1408.891
945,Shampoo,Personal Care,1388.39,500,485.699,1527.2290000000003
946,Laptop Stand,Accessories,1954.86,1000,583.42377,2150.346
947,Desk Lamp,Furniture,912.2,1000,575.1018,1003.4200000000002
948,Bed,Furniture,1125.34,100,317.53836,1012.8059999999999
949,Body Lotion,Personal Care,1740.85,1000,504.87958,1914.935
950,Laptop,Electronics,1585.92,500,522.6808,1744.5120000000002
951,Microwave,Home Appliances,1465.48,1000,520.2904,1612.0280000000002
952,Skipping Rope,Fitness,1767.56,100,474.01993,1944.316
953,Dining Table,Furniture,629.7,500,593.07104,692.6700000000001
954,Sneakers,Fashion,269.69,500,717.1626,296.65900000000005
955,Laptop Stand,Accessories,173.64,100,543.91656,191.004
956,Sunglasses,Fashion,1651.03,500,478.5958,1816.133
957,Microwave,Home Appliances,876.18,500,521.42676,963.798
958,Smartwatch,Electronics,1802.29,100,339.93417,1622.061
959,Sofa,Furniture,1001.96,500,505.23334,1102.1560000000002
960,Chair,Furniture,1459.27,1000,520.2904,1605.1970000000001
961,Smartwatch,Electronics,1090.68,1000,429.42017,1199.7480000000003
962,Chair,Furniture,1703.88,500,595.4342,1874.2680000000003
963,Headphones,Electronics,1195.88,500,514.7031,1315.4680000000003
964,Treadmill,Fitness,1623.48,100,493.35068,1785.8280000000002
965,Sofa,Furniture,1885.96,100,597.09424,2074.556
966,Treadmill,Fitness,674.69,100,474.67145,742.1590000000001
967,Coffee Maker,Home Appliances,1586.38,100,522.6808,1745.0180000000003
968,Power Bank,Accessories,339.03,100,510.4607,372.933
969,Coffee Maker,Home Appliances,1440.67,500,440.46,1584.7370000000003
970,Air Conditioner,Home Appliances,575.52,500,503.59744,633.072
971,Hair Dryer,Personal Care,1153.41,500,514.7031,1268.7510000000002
972,Smartwatch,Electronics,839.09,500,458.9367,922.9990000000001
973,Skipping Rope,Fitness,1424.92,100,389.53806,1567.4120000000003
974,T-Shirt,Fashion,1875.64,100,413.55087,2063.204
975,Power Bank,Accessories,1591.91,1000,744.13916,1751.1010000000003
976,Headphones,Electronics,537.75,100,575.5334,591.5250000000001
977,Hair Dryer,Personal Care,1707.73,100,595.4342,1878.5030000000002
978,Smartwatch,Electronics,1038.18,500,411.43494,1141.9980000000003
979,Camera,Electronics,1659.12,1000,461.37106,1825.032
980,Dining Table,Furniture,695.25,500,474.67145,764.7750000000001
981,Power Bank,Accessories,1347.67,100,581.5477,1482.4370000000001
982,Tablet,Electronics,549.91,1000,575.5334,604.9010000000001
983,Jeans,Fashion,141.86,100,620.25134,156.04600000000002
984,Tablet,Electronics,205.51,1000,702.09784,226.061
985,Sunglasses,Fashion,1435.9,1000,486.59204,1579.4900000000002
986,Laptop,Electronics,46.67,1000,498.8705,51.337
987,Wallet,Accessories,1648.84,1000,478.5958,1813.7240000000002
988,Backpack,Accessories,1966.61,500,592.2794,2163.271
989,Perfume,Personal Care,1982.96,100,227.56755,1784.664
990,Watch,Fashion,112.98,100,534.71704,124.27800000000002
991,Exercise Bike,Fitness,297.92,100,550.88324,327.71200000000005
992,Gaming Console,Electronics,1088.7,100,304.15515,979.83
993,Wallet,Accessories,1708.42,1000,595.4342,1879.2620000000002
994,Camera,Electronics,163.53,100,543.91656,179.883
995,T-Shirt,Fashion,1545.26,1000,446.46487,1699.786
996,Sofa,Furniture,505.36,1000,516.29785,555.8960000000001
997,Dumbbells,Fitness,1765.4,500,474.01993,1941.9400000000003
998,Yoga Mat,Fitness,1558.6,500,427.9287,1714.46
999,Sofa,Furniture,1034.91,500,411.43494,1138.4010000000003
1000,Dumbbells,Fitness,361.85,100,562.2391,398.0350000000001
